alpha,beta,direction,x,y
0,0,->,0.0,0.9726117356999999
0,0,->,0.05,0.9621935741
0,0,->,0.1,0.9650600265000001
0,0,->,0.15,0.9782205234
0,0,->,0.2,0.9777474124
0,0,->,0.25,0.98265425
0,0,->,0.3,0.9506870061
0,0,->,0.35,0.9799176589
0,0,->,0.4,0.9881526948
0,0,->,0.45,0.9475899207999999
0,0,->,0.5,0.9786050744
0,0,->,0.55,0.9793965815000001
0,0,->,0.6,0.9758593159000001
0,0,->,0.65,0.9847337290000001
0,0,->,0.7,0.9714119901
0,0,->,0.75,0.9833030315000001
0,0,->,0.8,0.9904686802
0,0,->,0.85,0.9840116147
0,0,->,0.9,0.9767823303000001
0,0,->,0.95,0.9870816818000001
alpha,beta,direction,x,y
0,0,<-,0.0,0.9856010854
0,0,<-,0.05,0.9888419117
0,0,<-,0.1,0.9640432189
0,0,<-,0.15,0.9757959131
0,0,<-,0.2,0.9684097812000001
0,0,<-,0.25,0.9757613208
0,0,<-,0.3,0.9586147331
0,0,<-,0.35,0.9782589378000001
0,0,<-,0.4,0.9688870160999999
0,0,<-,0.45,0.970817873
0,0,<-,0.5,0.9703676017
0,0,<-,0.55,0.9745306208
0,0,<-,0.6,0.9787321458
0,0,<-,0.65,0.9800052134
0,0,<-,0.7,0.9695446121
0,0,<-,0.75,0.9722229563
0,0,<-,0.8,0.9622436163
0,0,<-,0.85,0.9695956781999999
0,0,<-,0.9,0.9658917445
0,0,<-,0.95,0.97527986
alpha,beta,direction,x,y
0,0.2,->,0.0,0.9912938711
0,0.2,->,0.05,0.9715835706999999
0,0.2,->,0.1,0.9808966743
0,0.2,->,0.15,0.9952481504
0,0.2,->,0.2,0.9898504033
0,0.2,->,0.25,0.9724982772
0,0.2,->,0.3,0.9849675638
0,0.2,->,0.35,0.971487923
0,0.2,->,0.4,0.9742785959999999
0,0.2,->,0.45,0.9119243627
0,0.2,->,0.5,0.9398796008
0,0.2,->,0.55,0.9601427161
0,0.2,->,0.6,0.9672970368000001
0,0.2,->,0.65,0.9353985544
0,0.2,->,0.7,0.9495057579
0,0.2,->,0.75,0.9488513573
0,0.2,->,0.8,0.9626560344
0,0.2,->,0.85,0.9620659369
0,0.2,->,0.9,0.9751564516
0,0.2,->,0.95,0.9761671192
alpha,beta,direction,x,y
0,0.2,<-,0.0,0.9830235843999999
0,0.2,<-,0.05,0.9755626009
0,0.2,<-,0.1,0.9724049367
0,0.2,<-,0.15,0.9776917576
0,0.2,<-,0.2,0.9892025556
0,0.2,<-,0.25,0.9855823229999999
0,0.2,<-,0.3,0.9620797519
0,0.2,<-,0.35,0.9742654426
0,0.2,<-,0.4,0.9194425753000001
0,0.2,<-,0.45,0.9583711340000001
0,0.2,<-,0.5,0.9348699954999999
0,0.2,<-,0.55,0.8822359770999999
0,0.2,<-,0.6,0.9176542511
0,0.2,<-,0.65,0.9181564126999999
0,0.2,<-,0.7,0.9340749599
0,0.2,<-,0.75,0.9438674595000001
0,0.2,<-,0.8,0.9481593407
0,0.2,<-,0.85,0.9539554656
0,0.2,<-,0.9,0.9689780089
0,0.2,<-,0.95,0.9794711401
alpha,beta,direction,x,y
0,0.4,->,0.0,0.9831459803
0,0.4,->,0.05,0.9928404786
0,0.4,->,0.1,0.9791067415000001
0,0.4,->,0.15,0.9832738504
0,0.4,->,0.2,0.9868709240000001
0,0.4,->,0.25,0.9762435655
0,0.4,->,0.3,0.9910278401
0,0.4,->,0.35,0.9734518736
0,0.4,->,0.4,0.97591166
0,0.4,->,0.45,0.985173017
0,0.4,->,0.5,0.9732325768000001
0,0.4,->,0.55,0.9763697557
0,0.4,->,0.6,0.9829418983
0,0.4,->,0.65,0.9804169176
0,0.4,->,0.7,0.9379812081000001
0,0.4,->,0.75,0.9576030193
0,0.4,->,0.8,0.9281812222
0,0.4,->,0.85,0.9328099270999999
0,0.4,->,0.9,0.9317197951999999
0,0.4,->,0.95,0.9533348128
alpha,beta,direction,x,y
0,0.4,<-,0.0,0.987537345
0,0.4,<-,0.05,0.9978006382
0,0.4,<-,0.1,0.9837045220999999
0,0.4,<-,0.15,0.9712587932
0,0.4,<-,0.2,0.9918023617
0,0.4,<-,0.25,0.9836078503
0,0.4,<-,0.3,0.9546823639
0,0.4,<-,0.35,0.9848373606
0,0.4,<-,0.4,0.9821404903000001
0,0.4,<-,0.45,0.9868087052
0,0.4,<-,0.5,0.9816254667000001
0,0.4,<-,0.55,0.9917836859
0,0.4,<-,0.6,0.9882911762000001
0,0.4,<-,0.65,0.8767786906
0,0.4,<-,0.7,0.8767299803
0,0.4,<-,0.75,0.9107071317000001
0,0.4,<-,0.8,0.9209030873
0,0.4,<-,0.85,0.9385615384999999
0,0.4,<-,0.9,0.9534965120000001
0,0.4,<-,0.95,0.9354393272
alpha,beta,direction,x,y
0,0.6,->,0.0,0.9944967114
0,0.6,->,0.05,0.9901296022
0,0.6,->,0.1,0.9870286835
0,0.6,->,0.15,0.9951338911
0,0.6,->,0.2,0.9896589795999999
0,0.6,->,0.25,0.9931661136
0,0.6,->,0.3,0.9797453339
0,0.6,->,0.35,0.9832840372
0,0.6,->,0.4,0.9895631398
0,0.6,->,0.45,0.9902666575
0,0.6,->,0.5,0.9705313136
0,0.6,->,0.55,0.9745900733
0,0.6,->,0.6,0.992614256
0,0.6,->,0.65,0.9788086827
0,0.6,->,0.7,0.9892167811
0,0.6,->,0.75,0.9902387995999999
0,0.6,->,0.8,0.9486063612000001
0,0.6,->,0.85,0.9188576334999999
0,0.6,->,0.9,0.9456238406999999
0,0.6,->,0.95,0.9818559413
alpha,beta,direction,x,y
0,0.6,<-,0.0,0.9941791995
0,0.6,<-,0.05,0.9918122981
0,0.6,<-,0.1,0.9879281311
0,0.6,<-,0.15,0.987824037
0,0.6,<-,0.2,0.9883084115999999
0,0.6,<-,0.25,0.98513948
0,0.6,<-,0.3,0.9966511274
0,0.6,<-,0.35,0.9950337944
0,0.6,<-,0.4,0.9903024212999999
0,0.6,<-,0.45,0.9889899455
0,0.6,<-,0.5,0.9966571389
0,0.6,<-,0.55,0.9820448428
0,0.6,<-,0.6,0.9714279066
0,0.6,<-,0.65,0.9926681968000001
0,0.6,<-,0.7,0.9536401098999999
0,0.6,<-,0.75,0.9718445008
0,0.6,<-,0.8,0.9726971605
0,0.6,<-,0.85,0.9698246211
0,0.6,<-,0.9,0.9475234895
0,0.6,<-,0.95,0.97215488
alpha,beta,direction,x,y
0,0.8,->,0.0,0.9961964247
0,0.8,->,0.05,0.9842335348000001
0,0.8,->,0.1,0.9926338402
0,0.8,->,0.15,0.9928892239
0,0.8,->,0.2,0.9958928604999999
0,0.8,->,0.25,0.9795168924
0,0.8,->,0.3,0.9903683276999999
0,0.8,->,0.35,0.9814033617
0,0.8,->,0.4,0.9893735247
0,0.8,->,0.45,0.9840792097
0,0.8,->,0.5,0.9945957153
0,0.8,->,0.55,0.9957470159
0,0.8,->,0.6,0.9965784741
0,0.8,->,0.65,0.979494915
0,0.8,->,0.7,0.9776775718
0,0.8,->,0.75,0.98679682
0,0.8,->,0.8,0.9724470041
0,0.8,->,0.85,0.9815008188
0,0.8,->,0.9,0.9219025405
0,0.8,->,0.95,0.9520739128
alpha,beta,direction,x,y
0,0.8,<-,0.0,0.9845411104
0,0.8,<-,0.05,0.9948593914
0,0.8,<-,0.1,0.9900016285
0,0.8,<-,0.15,0.986684783
0,0.8,<-,0.2,0.9911079684999999
0,0.8,<-,0.25,0.9954767798
0,0.8,<-,0.3,0.985428882
0,0.8,<-,0.35,0.9815346309999999
0,0.8,<-,0.4,0.9893845266
0,0.8,<-,0.45,0.9871890086
0,0.8,<-,0.5,0.9891643489
0,0.8,<-,0.55,0.9890343514
0,0.8,<-,0.6,0.9790228816
0,0.8,<-,0.65,0.9697362115000001
0,0.8,<-,0.7,0.97137454
0,0.8,<-,0.75,0.9793878942
0,0.8,<-,0.8,0.9798125616
0,0.8,<-,0.85,0.9770476236
0,0.8,<-,0.9,0.9269495440000001
0,0.8,<-,0.95,0.9485858337
alpha,beta,direction,x,y
0,1,->,0.0,0.993998382
0,1,->,0.05,0.9883171426
0,1,->,0.1,0.9952200373000001
0,1,->,0.15,0.9990864587999999
0,1,->,0.2,0.9912888494
0,1,->,0.25,0.9919171921
0,1,->,0.3,0.9932542701
0,1,->,0.35,0.9881885945000001
0,1,->,0.4,0.9861818746
0,1,->,0.45,0.9901206483
0,1,->,0.5,0.9796992472
0,1,->,0.55,0.9909452348000001
0,1,->,0.6,0.9766581759
0,1,->,0.65,0.9933607634
0,1,->,0.7,0.9877057001999999
0,1,->,0.75,0.9668419454
0,1,->,0.8,0.9809807231000001
0,1,->,0.85,0.964663603
0,1,->,0.9,0.9224540442
0,1,->,0.95,0.9241565173999999
alpha,beta,direction,x,y
0,1,<-,0.0,0.9845468421
0,1,<-,0.05,0.9891344448999999
0,1,<-,0.1,0.9948903089
0,1,<-,0.15,0.9868476974
0,1,<-,0.2,0.9821219439
0,1,<-,0.25,0.9873114644
0,1,<-,0.3,0.9975783235
0,1,<-,0.35,0.982139766
0,1,<-,0.4,0.9840205697
0,1,<-,0.45,0.9820103059999999
0,1,<-,0.5,0.9677272376
0,1,<-,0.55,0.9864990612000001
0,1,<-,0.6,0.9883692209
0,1,<-,0.65,0.9862157975
0,1,<-,0.7,0.9923678562
0,1,<-,0.75,0.9820932840000001
0,1,<-,0.8,0.9836711562
0,1,<-,0.85,0.9767096208
0,1,<-,0.9,0.8983631209999999
0,1,<-,0.95,0.9511134427
alpha,beta,direction,x,y
0.2,0,->,0.0,0.9896984161
0.2,0,->,0.05,0.9999866708
0.2,0,->,0.1,0.9877713922
0.2,0,->,0.15,0.9966113286
0.2,0,->,0.2,0.9995624647
0.2,0,->,0.25,0.9981958566
0.2,0,->,0.3,0.9953259147
0.2,0,->,0.35,0.9969942917
0.2,0,->,0.4,0.9898265519
0.2,0,->,0.45,0.9912287911
0.2,0,->,0.5,0.9995270329000001
0.2,0,->,0.55,0.9927550328
0.2,0,->,0.6,0.9823201214
0.2,0,->,0.65,0.9992753108
0.2,0,->,0.7,0.9927202895
0.2,0,->,0.75,0.985725552
0.2,0,->,0.8,0.952616824
0.2,0,->,0.85,0.959523985
0.2,0,->,0.9,0.9018544701000001
0.2,0,->,0.95,0.9074482734
alpha,beta,direction,x,y
0.2,0,<-,0.0,0.9924847733
0.2,0,<-,0.05,0.9954508848
0.2,0,<-,0.1,0.9959780963
0.2,0,<-,0.15,0.9979295345999999
0.2,0,<-,0.2,0.9990968398000001
0.2,0,<-,0.25,0.9893152242000001
0.2,0,<-,0.3,0.99824379
0.2,0,<-,0.35,0.9923797672
0.2,0,<-,0.4,0.9896397673999999
0.2,0,<-,0.45,0.9967948604000001
0.2,0,<-,0.5,0.9923952518000001
0.2,0,<-,0.55,0.9965638812000001
0.2,0,<-,0.6,0.9910176647
0.2,0,<-,0.65,0.9926488523999999
0.2,0,<-,0.7,0.9870813598999999
0.2,0,<-,0.75,0.9445493607
0.2,0,<-,0.8,0.9398318884
0.2,0,<-,0.85,0.953850073
0.2,0,<-,0.9,0.8756590351000001
0.2,0,<-,0.95,0.8912123027
alpha,beta,direction,x,y
0.2,0.2,->,0.0,0.9999335932
0.2,0.2,->,0.05,0.9997890123000001
0.2,0.2,->,0.1,0.9973269253
0.2,0.2,->,0.15,0.9972511448
0.2,0.2,->,0.2,0.9902646208
0.2,0.2,->,0.25,0.9896113679999999
0.2,0.2,->,0.3,0.9940741825
0.2,0.2,->,0.35,0.9885717314
0.2,0.2,->,0.4,0.992886032
0.2,0.2,->,0.45,0.9913781765999999
0.2,0.2,->,0.5,0.9588553682
0.2,0.2,->,0.55,0.9798570448
0.2,0.2,->,0.6,0.98718228
0.2,0.2,->,0.65,0.9819937697
0.2,0.2,->,0.7,0.9942542114
0.2,0.2,->,0.75,0.9858650873999999
0.2,0.2,->,0.8,0.9730476728
0.2,0.2,->,0.85,0.9422995577
0.2,0.2,->,0.9,0.9558068779000001
0.2,0.2,->,0.95,0.8909597974
alpha,beta,direction,x,y
0.2,0.2,<-,0.0,0.9961865714
0.2,0.2,<-,0.05,0.9995923839
0.2,0.2,<-,0.1,0.9985623311
0.2,0.2,<-,0.15,0.9922560828
0.2,0.2,<-,0.2,0.9991624938
0.2,0.2,<-,0.25,0.9928158361
0.2,0.2,<-,0.3,0.9978715417
0.2,0.2,<-,0.35,0.9930734724
0.2,0.2,<-,0.4,0.9747839940999999
0.2,0.2,<-,0.45,0.9860484965999999
0.2,0.2,<-,0.5,0.9678863458
0.2,0.2,<-,0.55,0.978775375
0.2,0.2,<-,0.6,0.9833301556
0.2,0.2,<-,0.65,0.9878374628000001
0.2,0.2,<-,0.7,0.9809471529000001
0.2,0.2,<-,0.75,0.9918189518000001
0.2,0.2,<-,0.8,0.9857791806
0.2,0.2,<-,0.85,0.9168908325
0.2,0.2,<-,0.9,0.9049106768
0.2,0.2,<-,0.95,0.8946562273
alpha,beta,direction,x,y
0.2,0.4,->,0.0,0.9969849569
0.2,0.4,->,0.05,0.9995536086
0.2,0.4,->,0.1,0.9999684041
0.2,0.4,->,0.15,0.9968833498
0.2,0.4,->,0.2,0.9988184973
0.2,0.4,->,0.25,0.9993401251999999
0.2,0.4,->,0.3,0.9977453679
0.2,0.4,->,0.35,0.9999833067
0.2,0.4,->,0.4,0.9997107237
0.2,0.4,->,0.45,0.9990356923
0.2,0.4,->,0.5,0.9953183199
0.2,0.4,->,0.55,0.9955246537000001
0.2,0.4,->,0.6,0.9956020671
0.2,0.4,->,0.65,0.9966822658
0.2,0.4,->,0.7,0.9532021102
0.2,0.4,->,0.75,0.9699651162
0.2,0.4,->,0.8,0.9724837967000001
0.2,0.4,->,0.85,0.9725944854
0.2,0.4,->,0.9,0.9583630254000001
0.2,0.4,->,0.95,0.9282354642
alpha,beta,direction,x,y
0.2,0.4,<-,0.0,0.9996796137
0.2,0.4,<-,0.05,0.9986714198000001
0.2,0.4,<-,0.1,0.9974339561
0.2,0.4,<-,0.15,0.9993369031
0.2,0.4,<-,0.2,0.9996735809999999
0.2,0.4,<-,0.25,0.9999898448000001
0.2,0.4,<-,0.3,0.9989687831999999
0.2,0.4,<-,0.35,0.9998989387999999
0.2,0.4,<-,0.4,0.9999564862
0.2,0.4,<-,0.45,0.9950555122
0.2,0.4,<-,0.5,0.9999691725
0.2,0.4,<-,0.55,0.9198406249
0.2,0.4,<-,0.6,0.9922811134999999
0.2,0.4,<-,0.65,0.9837249928
0.2,0.4,<-,0.7,0.9697614318000001
0.2,0.4,<-,0.75,0.9590538919
0.2,0.4,<-,0.8,0.9639982867
0.2,0.4,<-,0.85,0.9685715054
0.2,0.4,<-,0.9,0.9417100008
0.2,0.4,<-,0.95,0.8938393406
alpha,beta,direction,x,y
0.2,0.6,->,0.0,0.9987592831000001
0.2,0.6,->,0.05,0.9997077798999999
0.2,0.6,->,0.1,0.9976184481999999
0.2,0.6,->,0.15,0.9998504308
0.2,0.6,->,0.2,0.9998948146
0.2,0.6,->,0.25,0.9997244
0.2,0.6,->,0.3,0.9917142679000001
0.2,0.6,->,0.35,0.9992224914
0.2,0.6,->,0.4,0.9930023720000001
0.2,0.6,->,0.45,0.9950049309000001
0.2,0.6,->,0.5,0.9949223068
0.2,0.6,->,0.55,0.9965348812
0.2,0.6,->,0.6,0.9997928135999999
0.2,0.6,->,0.65,0.9950603173999999
0.2,0.6,->,0.7,0.9960329409
0.2,0.6,->,0.75,0.9946195656999999
0.2,0.6,->,0.8,0.9699253842
0.2,0.6,->,0.85,0.9843938864
0.2,0.6,->,0.9,0.9704252752
0.2,0.6,->,0.95,0.9036955752
alpha,beta,direction,x,y
0.2,0.6,<-,0.0,0.9900998042
0.2,0.6,<-,0.05,0.998504185
0.2,0.6,<-,0.1,0.9982040462999999
0.2,0.6,<-,0.15,0.9999974393000001
0.2,0.6,<-,0.2,0.9981401402
0.2,0.6,<-,0.25,0.9999493478
0.2,0.6,<-,0.3,0.9993314915000001
0.2,0.6,<-,0.35,0.9998484493
0.2,0.6,<-,0.4,0.9965643512000001
0.2,0.6,<-,0.45,0.9999243059
0.2,0.6,<-,0.5,0.9990489175
0.2,0.6,<-,0.55,0.9997718428
0.2,0.6,<-,0.6,0.9679603974
0.2,0.6,<-,0.65,0.9990727334
0.2,0.6,<-,0.7,0.9988663637999999
0.2,0.6,<-,0.75,0.969170069
0.2,0.6,<-,0.8,0.9775759106
0.2,0.6,<-,0.85,0.9572446826000001
0.2,0.6,<-,0.9,0.9528511318999999
0.2,0.6,<-,0.95,0.8708195952
alpha,beta,direction,x,y
0.2,0.8,->,0.0,0.9939270705
0.2,0.8,->,0.05,0.9991343636
0.2,0.8,->,0.1,0.9922534017
0.2,0.8,->,0.15,0.9999097045
0.2,0.8,->,0.2,0.9942405005
0.2,0.8,->,0.25,0.9951269813
0.2,0.8,->,0.3,0.9999769298000001
0.2,0.8,->,0.35,0.9919909337999999
0.2,0.8,->,0.4,0.9976915258
0.2,0.8,->,0.45,0.9995523302
0.2,0.8,->,0.5,0.9998425045
0.2,0.8,->,0.55,0.9942844363
0.2,0.8,->,0.6,0.9988492436
0.2,0.8,->,0.65,0.9993994748999999
0.2,0.8,->,0.7,0.998137638
0.2,0.8,->,0.75,0.9831214424
0.2,0.8,->,0.8,0.9824245959000001
0.2,0.8,->,0.85,0.9794159647
0.2,0.8,->,0.9,0.9736605618999999
0.2,0.8,->,0.95,0.9077432405
alpha,beta,direction,x,y
0.2,0.8,<-,0.0,0.9962457924
0.2,0.8,<-,0.05,0.9999901018
0.2,0.8,<-,0.1,0.9999959466
0.2,0.8,<-,0.15,0.9845995976999999
0.2,0.8,<-,0.2,0.9997440048999999
0.2,0.8,<-,0.25,0.9975979523
0.2,0.8,<-,0.3,0.9999963815
0.2,0.8,<-,0.35,0.9965801601000001
0.2,0.8,<-,0.4,0.9936551284999999
0.2,0.8,<-,0.45,0.9988590639
0.2,0.8,<-,0.5,0.9997441870999999
0.2,0.8,<-,0.55,0.9973500183
0.2,0.8,<-,0.6,0.9998811697
0.2,0.8,<-,0.65,0.9967439634
0.2,0.8,<-,0.7,0.9901961718000001
0.2,0.8,<-,0.75,0.9926391414
0.2,0.8,<-,0.8,0.9656835484999999
0.2,0.8,<-,0.85,0.9596263832999999
0.2,0.8,<-,0.9,0.976887671
0.2,0.8,<-,0.95,0.946069038
alpha,beta,direction,x,y
0.2,1,->,0.0,0.9976144854000001
0.2,1,->,0.05,0.9999008351
0.2,1,->,0.1,0.9939373003
0.2,1,->,0.15,0.9982157811
0.2,1,->,0.2,0.9989353561
0.2,1,->,0.25,0.9972987798999999
0.2,1,->,0.3,0.9999567988
0.2,1,->,0.35,0.9987700072
0.2,1,->,0.4,0.9992076501
0.2,1,->,0.45,0.9996007393999999
0.2,1,->,0.5,0.9951487498999999
0.2,1,->,0.55,0.999917765
0.2,1,->,0.6,0.9973666983
0.2,1,->,0.65,0.994191842
0.2,1,->,0.7,0.9999907224
0.2,1,->,0.75,0.9998860740000001
0.2,1,->,0.8,0.9999988637999999
0.2,1,->,0.85,0.9805887781
0.2,1,->,0.9,0.9723655741
0.2,1,->,0.95,0.9490943578000001
alpha,beta,direction,x,y
0.2,1,<-,0.0,0.9960569912999999
0.2,1,<-,0.05,0.9968247529
0.2,1,<-,0.1,0.9997076834
0.2,1,<-,0.15,0.9998506854000001
0.2,1,<-,0.2,0.9999874994
0.2,1,<-,0.25,0.9940583993000001
0.2,1,<-,0.3,0.9995306878
0.2,1,<-,0.35,0.9989547665999999
0.2,1,<-,0.4,0.9928616015
0.2,1,<-,0.45,0.9972127947
0.2,1,<-,0.5,0.9999967194
0.2,1,<-,0.55,0.9951084805
0.2,1,<-,0.6,0.999991958
0.2,1,<-,0.65,0.9985668862
0.2,1,<-,0.7,0.9999998175
0.2,1,<-,0.75,0.9930525668000001
0.2,1,<-,0.8,0.9981265025
0.2,1,<-,0.85,0.9682399717
0.2,1,<-,0.9,0.9653181927
0.2,1,<-,0.95,0.9132931299
alpha,beta,direction,x,y
0.4,0,->,0.0,0.0
0.4,0,->,0.05,0.0003099267
0.4,0,->,0.1,3.7e-09
0.4,0,->,0.15,0.0002068226
0.4,0,->,0.2,1.621e-07
0.4,0,->,0.25,6.934e-07
0.4,0,->,0.3,2.9891000000000003e-06
0.4,0,->,0.35,0.0049630136
0.4,0,->,0.4,0.0014945167999999998
0.4,0,->,0.45,0.000214793
0.4,0,->,0.5,7.7e-09
0.4,0,->,0.55,0.24962400839999999
0.4,0,->,0.6,0.3393784182
0.4,0,->,0.65,0.19708648739999998
0.4,0,->,0.7,0.1944098299
0.4,0,->,0.75,2e-10
0.4,0,->,0.8,0.2766552101
0.4,0,->,0.85,0.2671503485
0.4,0,->,0.9,0.2758606327
0.4,0,->,0.95,0.3387195708
alpha,beta,direction,x,y
0.4,0,<-,0.0,0.47483436100000004
0.4,0,<-,0.05,0.47399525090000005
0.4,0,<-,0.1,0.4749423093
0.4,0,<-,0.15,0.4735469382
0.4,0,<-,0.2,0.47424236189999996
0.4,0,<-,0.25,0.39097364030000004
0.4,0,<-,0.3,0.39099338770000003
0.4,0,<-,0.35,0.3411536379
0.4,0,<-,0.4,0.34027987719999997
0.4,0,<-,0.45,0.3915545847
0.4,0,<-,0.5,0.34058086020000006
0.4,0,<-,0.55,0.2795367998
0.4,0,<-,0.6,0.2792991094
0.4,0,<-,0.65,0.3399696208
0.4,0,<-,0.7,0.2757145018
0.4,0,<-,0.75,0.1935246356
0.4,0,<-,0.8,0.0003051062
0.4,0,<-,0.85,0.1929186491
0.4,0,<-,0.9,0.3907430692
0.4,0,<-,0.95,0.33960059119999997
alpha,beta,direction,x,y
0.4,0.2,->,0.0,0.9969896859999999
0.4,0.2,->,0.05,0.9961381964
0.4,0.2,->,0.1,0.9999999998000001
0.4,0.2,->,0.15,0.9999953492
0.4,0.2,->,0.2,0.9999998473
0.4,0.2,->,0.25,0.9996194065
0.4,0.2,->,0.3,0.9999999982
0.4,0.2,->,0.4,0.9991655951
0.4,0.2,->,0.5,0.9121318319
0.4,0.2,->,0.55,0.6665752897
0.4,0.2,->,0.6,0.4970753126
0.4,0.2,->,0.65,0.3304609406
0.4,0.2,->,0.7,0.18617219850000002
0.4,0.2,->,0.75,0.3324346748
0.4,0.2,->,0.8,0.3865691636
0.4,0.2,->,0.85,0.1838458187
0.4,0.2,->,0.9,0.16751888880000002
0.4,0.2,->,0.95,0.2727807419
alpha,beta,direction,x,y
0.4,0.2,<-,0.0,0.11754934019999999
0.4,0.2,<-,0.05,0.10208924859999999
0.4,0.2,<-,0.1,0.1128517198
0.4,0.2,<-,0.15,0.0568924067
0.4,0.2,<-,0.2,0.0661470485
0.4,0.2,<-,0.25,0.048743969500000005
0.4,0.2,<-,0.3,0.0293089655
0.4,0.2,<-,0.35,0.0382065766
0.4,0.2,<-,0.4,0.0889169061
0.4,0.2,<-,0.45,0.0163973053
0.4,0.2,<-,0.5,0.024655806699999998
0.4,0.2,<-,0.55,0.0189600784
0.4,0.2,<-,0.6,0.1683888565
0.4,0.2,<-,0.65,0.0137591199
0.4,0.2,<-,0.7,0.3065154175
0.4,0.2,<-,0.75,0.0090810965
0.4,0.2,<-,0.8,0.2774682765
0.4,0.2,<-,0.85,0.37760971270000004
0.4,0.2,<-,0.9,0.3322559001
0.4,0.2,<-,0.95,0.270916258
alpha,beta,direction,x,y
0.4,0.4,->,0.0,0.9999861134
0.4,0.4,->,0.05,0.9999999663
0.4,0.4,->,0.1,1.0
0.4,0.4,->,0.15,0.9999987028
0.4,0.4,->,0.2,0.9999991665000001
0.4,0.4,->,0.25,0.9999999923999999
0.4,0.4,->,0.3,0.9999789912999999
0.4,0.4,->,0.35,1.0
0.4,0.4,->,0.4,1.0
0.4,0.4,->,0.45,1.0
0.4,0.4,->,0.5,0.9985425187
0.4,0.4,->,0.55,0.9855577303
0.4,0.4,->,0.6,0.8524714842
0.4,0.4,->,0.65,0.5824615633
0.4,0.4,->,0.7,0.0180248004
0.4,0.4,->,0.75,0.3019712663
0.4,0.4,->,0.8,0.3817736868
0.4,0.4,->,0.85,0.2718477576
0.4,0.4,->,0.9,0.1823923242
0.4,0.4,->,0.95,0.2629682204
alpha,beta,direction,x,y
0.4,0.4,<-,0.0,0.9999996795
0.4,0.4,<-,0.05,0.9999999268
0.4,0.4,<-,0.1,0.9999999654999999
0.4,0.4,<-,0.15,0.9999999997
0.4,0.4,<-,0.2,0.999795793
0.4,0.4,<-,0.25,0.9999981679000001
0.4,0.4,<-,0.3,0.9999999931
0.4,0.4,<-,0.35,0.9998781754
0.4,0.4,<-,0.4,0.998320924
0.4,0.4,<-,0.45,0.9967392554000001
0.4,0.4,<-,0.5,0.9979579107
0.4,0.4,<-,0.55,0.9117912848
0.4,0.4,<-,0.6,0.628276076
0.4,0.4,<-,0.65,0.5496807304
0.4,0.4,<-,0.7,0.2734135432
0.4,0.4,<-,0.75,0.2518816628
0.4,0.4,<-,0.8,0.46545976899999997
0.4,0.4,<-,0.85,0.40393988270000003
0.4,0.4,<-,0.9,0.40211548119999996
0.4,0.4,<-,0.95,0.1847280151
alpha,beta,direction,x,y
0.4,0.6,->,0.0,0.9999999608
0.4,0.6,->,0.05,0.9999999998000001
0.4,0.6,->,0.1,0.9999999998000001
0.4,0.6,->,0.15,1.0
0.4,0.6,->,0.2,0.9999919695
0.4,0.6,->,0.25,0.9996473912999999
0.4,0.6,->,0.3,0.9999544534999999
0.4,0.6,->,0.35,0.9999999993
0.4,0.6,->,0.4,0.9963544048
0.4,0.6,->,0.45,0.9999999995000001
0.4,0.6,->,0.5,0.9977744739
0.4,0.6,->,0.55,0.9999999942
0.4,0.6,->,0.6,0.9999530851
0.4,0.6,->,0.65,0.9544648136
0.4,0.6,->,0.7,0.9172628854000001
0.4,0.6,->,0.75,0.7176207461
0.4,0.6,->,0.8,0.49908826770000003
0.4,0.6,->,0.85,0.49374328520000005
0.4,0.6,->,0.9,0.3258256069
0.4,0.6,->,0.95,0.2747992105
alpha,beta,direction,x,y
0.4,0.6,<-,0.0,0.9999999377
0.4,0.6,<-,0.05,0.9999999994
0.4,0.6,<-,0.1,0.9998896342
0.4,0.6,<-,0.15,0.9999999945999999
0.4,0.6,<-,0.2,0.9998415734999999
0.4,0.6,<-,0.25,1.0
0.4,0.6,<-,0.3,0.9999961539
0.4,0.6,<-,0.35,0.9997036398
0.4,0.6,<-,0.4,0.9999834608
0.4,0.6,<-,0.45,0.9995839029000001
0.4,0.6,<-,0.5,0.9999932726999999
0.4,0.6,<-,0.55,0.9999999979
0.4,0.6,<-,0.6,0.9999999821
0.4,0.6,<-,0.65,0.9812548122
0.4,0.6,<-,0.7,0.8461486681999999
0.4,0.6,<-,0.75,0.6195914886
0.4,0.6,<-,0.8,0.4160944131
0.4,0.6,<-,0.85,0.42104226289999996
0.4,0.6,<-,0.9,0.2178554795
0.4,0.6,<-,0.95,0.2647224132
alpha,beta,direction,x,y
0.4,0.8,->,0.0,0.9965889711
0.4,0.8,->,0.05,0.9999999994
0.4,0.8,->,0.1,0.9978353423999999
0.4,0.8,->,0.15,0.9999999967000001
0.4,0.8,->,0.2,0.9994023261
0.4,0.8,->,0.25,0.9998038784000001
0.4,0.8,->,0.3,0.9999999437999999
0.4,0.8,->,0.35,0.9999964828
0.4,0.8,->,0.4,0.9989516087
0.4,0.8,->,0.45,0.9976230362999999
0.4,0.8,->,0.5,0.9999995242
0.4,0.8,->,0.55,0.9994101187000001
0.4,0.8,->,0.6,0.9999999104999999
0.4,0.8,->,0.65,0.9999999993
0.4,0.8,->,0.7,0.9480240298999999
0.4,0.8,->,0.75,0.9936394787
0.4,0.8,->,0.8,0.7453414451
0.4,0.8,->,0.85,0.1491694253
0.4,0.8,->,0.9,0.4585046231
0.4,0.8,->,0.95,0.38506751590000005
alpha,beta,direction,x,y
0.4,0.8,<-,0.0,0.9999768798
0.4,0.8,<-,0.05,0.9999362022
0.4,0.8,<-,0.1,1.0
0.4,0.8,<-,0.15,0.9971422497
0.4,0.8,<-,0.2,0.9999502604
0.4,0.8,<-,0.25,0.9999996372
0.4,0.8,<-,0.3,0.9975255807
0.4,0.8,<-,0.35,0.9999999993
0.4,0.8,<-,0.4,0.9999996406999999
0.4,0.8,<-,0.45,0.9999084627
0.4,0.8,<-,0.5,0.999999876
0.4,0.8,<-,0.55,0.9981601239
0.4,0.8,<-,0.6,0.9999994431999999
0.4,0.8,<-,0.65,0.9999999666
0.4,0.8,<-,0.7,0.9975599775
0.4,0.8,<-,0.75,0.9597976964
0.4,0.8,<-,0.8,0.7841579245999999
0.4,0.8,<-,0.85,0.5286430329
0.4,0.8,<-,0.9,0.0101283593
0.4,0.8,<-,0.95,0.3332308346
alpha,beta,direction,x,y
0.4,1,->,0.0,0.9987165168000001
0.4,1,->,0.05,0.9999906888
0.4,1,->,0.1,0.9991253547
0.4,1,->,0.15,0.9999999995000001
0.4,1,->,0.2,0.9939023462000001
0.4,1,->,0.25,0.9999893670000001
0.4,1,->,0.3,0.9999999867
0.4,1,->,0.35,0.9999982659000001
0.4,1,->,0.4,0.9999931989
0.4,1,->,0.45,0.9988164986
0.4,1,->,0.5,0.9997571534999999
0.4,1,->,0.55,0.9999999996
0.4,1,->,0.6,0.9914281565
0.4,1,->,0.65,0.9998271748
0.4,1,->,0.7,0.9998395896
0.4,1,->,0.75,0.9999999968000001
0.4,1,->,0.8,0.9368662462999999
0.4,1,->,0.85,0.5814800195000001
0.4,1,->,0.9,0.2596285536
0.4,1,->,0.95,0.3891216783
alpha,beta,direction,x,y
0.4,1,<-,0.0,0.9999999983
0.4,1,<-,0.05,0.9999358028
0.4,1,<-,0.1,0.9999833690000001
0.4,1,<-,0.15,0.9988769769
0.4,1,<-,0.2,0.9976391556
0.4,1,<-,0.25,0.9999999898999999
0.4,1,<-,0.3,0.9993594440000001
0.4,1,<-,0.35,0.9956407824
0.4,1,<-,0.4,1.0
0.4,1,<-,0.45,0.9999999968000001
0.4,1,<-,0.5,0.9990113113
0.4,1,<-,0.55,0.9999853137000001
0.4,1,<-,0.6,0.9998364584
0.4,1,<-,0.65,0.9999999998000001
0.4,1,<-,0.7,0.9999984204000001
0.4,1,<-,0.75,0.9999999987
0.4,1,<-,0.8,0.9416652156
0.4,1,<-,0.85,0.6243069307
0.4,1,<-,0.9,0.31252449530000004
0.4,1,<-,0.95,0.1832580084
alpha,beta,direction,x,y
0.6,0,->,0.0,0.0021162148
0.6,0,->,0.05,0.0
0.6,0,->,0.1,0.0147728484
0.6,0,->,0.15,4.34e-08
0.6,0,->,0.2,5e-10
0.6,0,->,0.25,0.0002093841
0.6,0,->,0.3,4.981e-06
0.6,0,->,0.35,0.0
0.6,0,->,0.4,0.0010121744
0.6,0,->,0.45,6.28e-08
0.6,0,->,0.5,0.0
0.6,0,->,0.55,0.0
0.6,0,->,0.6,2.2e-09
0.6,0,->,0.65,3e-10
0.6,0,->,0.7,1e-10
0.6,0,->,0.75,5e-10
0.6,0,->,0.8,0.0
0.6,0,->,0.85,0.0
0.6,0,->,0.9,1.798e-07
0.6,0,->,0.95,4e-10
alpha,beta,direction,x,y
0.6,0,<-,0.0,0.00017711270000000002
0.6,0,<-,0.05,0.0
0.6,0,<-,0.1,1e-10
0.6,0,<-,0.15,2.531e-06
0.6,0,<-,0.2,0.0
0.6,0,<-,0.25,0.00040646650000000003
0.6,0,<-,0.3,7.000000000000001e-10
0.6,0,<-,0.35,0.0
0.6,0,<-,0.4,0.0
0.6,0,<-,0.45,0.0
0.6,0,<-,0.5,7.000000000000001e-10
0.6,0,<-,0.55,9.3388e-06
0.6,0,<-,0.6,0.0
0.6,0,<-,0.65,0.0
0.6,0,<-,0.7,3.02e-08
0.6,0,<-,0.75,1e-10
0.6,0,<-,0.8,2e-10
0.6,0,<-,0.85,0.0
0.6,0,<-,0.9,2e-10
0.6,0,<-,0.95,0.1594951993
alpha,beta,direction,x,y
0.6,0.2,->,0.0,0.0151553737
0.6,0.2,->,0.05,0.0270137354
0.6,0.2,->,0.1,0.0221351275
0.6,0.2,->,0.15,0.0122349718
0.6,0.2,->,0.2,0.017025797
0.6,0.2,->,0.25,0.011655095
0.6,0.2,->,0.3,0.0089972721
0.6,0.2,->,0.35,0.001930193
0.6,0.2,->,0.4,0.0030502902000000003
0.6,0.2,->,0.45,0.0125306129
0.6,0.2,->,0.5,0.0003899551
0.6,0.2,->,0.55,0.0027462115000000003
0.6,0.2,->,0.6,0.0045812189000000005
0.6,0.2,->,0.65,0.0060673435999999996
0.6,0.2,->,0.7,0.0033378149
0.6,0.2,->,0.75,0.0025179402
0.6,0.2,->,0.8,0.0159720889
0.6,0.2,->,0.85,2.14213e-05
0.6,0.2,->,0.9,0.0010053834
0.6,0.2,->,0.95,6.67047e-05
alpha,beta,direction,x,y
0.6,0.2,<-,0.0,0.015521543600000002
0.6,0.2,<-,0.05,0.021480401800000003
0.6,0.2,<-,0.1,0.0069588602
0.6,0.2,<-,0.15,0.0161699003
0.6,0.2,<-,0.2,0.0138651296
0.6,0.2,<-,0.25,0.0109408945
0.6,0.2,<-,0.3,0.0035956141999999996
0.6,0.2,<-,0.35,0.0090434108
0.6,0.2,<-,0.4,0.0036858333
0.6,0.2,<-,0.45,0.0051347274
0.6,0.2,<-,0.5,0.0006074157
0.6,0.2,<-,0.55,0.0049593971
0.6,0.2,<-,0.6,0.0013069064
0.6,0.2,<-,0.65,0.0014191545000000001
0.6,0.2,<-,0.7,0.0037530779
0.6,0.2,<-,0.75,0.0051472422999999995
0.6,0.2,<-,0.8,0.001946912
0.6,0.2,<-,0.85,0.0001557673
0.6,0.2,<-,0.9,0.0004052551
0.6,0.2,<-,0.95,0.0193717359
alpha,beta,direction,x,y
0.6,0.4,->,0.0,0.9997302036
0.6,0.4,->,0.05,0.9999999961
0.6,0.4,->,0.1,1.0
0.6,0.4,->,0.15,0.9991110493
0.6,0.4,->,0.2,1.0
0.6,0.4,->,0.25,0.9999897534000001
0.6,0.4,->,0.3,0.0386221701
0.6,0.4,->,0.35,0.025513290499999997
0.6,0.4,->,0.4,0.0308727727
0.6,0.4,->,0.45,0.022689186
0.6,0.4,->,0.5,0.0227747158
0.6,0.4,->,0.55,0.0250040455
0.6,0.4,->,0.6,0.0097478859
0.6,0.4,->,0.65,0.0041111131
0.6,0.4,->,0.7,0.0109660592
0.6,0.4,->,0.75,0.0044694185
0.6,0.4,->,0.8,0.0021051122
0.6,0.4,->,0.85,0.0002449676
0.6,0.4,->,0.9,8.2779e-05
0.6,0.4,->,0.95,1.5198599999999999e-05
alpha,beta,direction,x,y
0.6,0.4,<-,0.0,0.9999999993
0.6,0.4,<-,0.05,0.1309214751
0.6,0.4,<-,0.1,0.1231767249
0.6,0.4,<-,0.15,0.0813995311
0.6,0.4,<-,0.2,0.0962359239
0.6,0.4,<-,0.25,0.0683305072
0.6,0.4,<-,0.3,0.0698926733
0.6,0.4,<-,0.35,0.0457965027
0.6,0.4,<-,0.4,0.023137640499999997
0.6,0.4,<-,0.45,0.0232912431
0.6,0.4,<-,0.5,0.0154001413
0.6,0.4,<-,0.55,0.0038520701
0.6,0.4,<-,0.6,0.017356926
0.6,0.4,<-,0.65,0.007025224399999999
0.6,0.4,<-,0.7,0.0031423093
0.6,0.4,<-,0.75,0.011143891299999998
0.6,0.4,<-,0.8,0.001667619
0.6,0.4,<-,0.85,0.0032924165999999996
0.6,0.4,<-,0.9,0.0022290257999999998
0.6,0.4,<-,0.95,0.0012613216000000001
alpha,beta,direction,x,y
0.6,0.6,->,0.0,0.9999990481000001
0.6,0.6,->,0.05,0.9999995884
0.6,0.6,->,0.1,0.9999021306
0.6,0.6,->,0.15,0.9949521692000001
0.6,0.6,->,0.2,0.9985924340000001
0.6,0.6,->,0.25,0.9999995037
0.6,0.6,->,0.3,1.0
0.6,0.6,->,0.35,0.9999998189
0.6,0.6,->,0.4,0.1651658841
0.6,0.6,->,0.45,0.09134931449999999
0.6,0.6,->,0.5,0.071786778
0.6,0.6,->,0.55,0.0506114608
0.6,0.6,->,0.6,0.0210417744
0.6,0.6,->,0.65,0.012832603500000001
0.6,0.6,->,0.7,0.0164365134
0.6,0.6,->,0.75,0.0142657449
0.6,0.6,->,0.8,0.0061210347
0.6,0.6,->,0.85,0.0017555038000000001
0.6,0.6,->,0.9,0.0044946891
0.6,0.6,->,0.95,0.0002557348
alpha,beta,direction,x,y
0.6,0.6,<-,0.0,0.9999991306999999
0.6,0.6,<-,0.05,0.9999999982
0.6,0.6,<-,0.1,0.9999991345
0.6,0.6,<-,0.15,0.999999733
0.6,0.6,<-,0.2,0.9999839554000001
0.6,0.6,<-,0.25,0.9959877281
0.6,0.6,<-,0.3,1.0
0.6,0.6,<-,0.35,0.9999989337999999
0.6,0.6,<-,0.4,0.10463666349999999
0.6,0.6,<-,0.45,0.06809515440000001
0.6,0.6,<-,0.5,0.0448972962
0.6,0.6,<-,0.55,0.0407639779
0.6,0.6,<-,0.6,0.0442964899
0.6,0.6,<-,0.65,0.0256881038
0.6,0.6,<-,0.7,0.0169426432
0.6,0.6,<-,0.75,0.0185498818
0.6,0.6,<-,0.8,0.0157139201
0.6,0.6,<-,0.85,0.1740966386
0.6,0.6,<-,0.9,0.0037261569
0.6,0.6,<-,0.95,0.0002601616
alpha,beta,direction,x,y
0.6,0.8,->,0.0,1.0
0.6,0.8,->,0.05,0.9999820999
0.6,0.8,->,0.1,0.9999999870999999
0.6,0.8,->,0.15,0.9999999864
0.6,0.8,->,0.2,1.0
0.6,0.8,->,0.25,0.9999999962
0.6,0.8,->,0.3,0.9999976398
0.6,0.8,->,0.35,0.9949837358
0.6,0.8,->,0.4,0.9999996879999999
0.6,0.8,->,0.45,0.9964257606999999
0.6,0.8,->,0.5,1.0
0.6,0.8,->,0.55,0.09286197439999999
0.6,0.8,->,0.6,0.0963983512
0.6,0.8,->,0.65,0.039334307
0.6,0.8,->,0.7,0.0410125806
0.6,0.8,->,0.75,0.017477585
0.6,0.8,->,0.8,0.0089910075
0.6,0.8,->,0.85,0.0078463378
0.6,0.8,->,0.9,0.0026070279
0.6,0.8,->,0.95,0.00026880080000000003
alpha,beta,direction,x,y
0.6,0.8,<-,0.0,0.9999999997
0.6,0.8,<-,0.05,0.9999988069
0.6,0.8,<-,0.1,0.9999999526000001
0.6,0.8,<-,0.15,1.0
0.6,0.8,<-,0.2,0.9999999944
0.6,0.8,<-,0.25,0.9999917675
0.6,0.8,<-,0.3,0.9999472302
0.6,0.8,<-,0.35,1.0
0.6,0.8,<-,0.4,0.9999996295999999
0.6,0.8,<-,0.45,1.0
0.6,0.8,<-,0.5,0.9999999916
0.6,0.8,<-,0.55,0.1435121951
0.6,0.8,<-,0.6,0.08056262089999999
0.6,0.8,<-,0.65,0.0416790012
0.6,0.8,<-,0.7,0.0273691466
0.6,0.8,<-,0.75,0.023100341400000002
0.6,0.8,<-,0.8,0.012970778200000001
0.6,0.8,<-,0.85,0.0120213304
0.6,0.8,<-,0.9,0.0037371704
0.6,0.8,<-,0.95,0.0011910044
alpha,beta,direction,x,y
0.6,1,->,0.0,0.9998520719
0.6,1,->,0.05,0.9999973105
0.6,1,->,0.1,0.9999999965999999
0.6,1,->,0.15,1.0
0.6,1,->,0.2,0.9999999989
0.6,1,->,0.25,1.0
0.6,1,->,0.3,0.9999138745
0.6,1,->,0.35,1.0
0.6,1,->,0.4,0.9999960923000001
0.6,1,->,0.45,0.9999975606999999
0.6,1,->,0.5,0.999793314
0.6,1,->,0.55,0.9986831703
0.6,1,->,0.6,1.0
0.6,1,->,0.65,0.10080898560000001
0.6,1,->,0.7,0.0548115562
0.6,1,->,0.75,0.042521474000000004
0.6,1,->,0.8,0.0087702857
0.6,1,->,0.85,0.007560023199999999
0.6,1,->,0.9,0.002210984
0.6,1,->,0.95,0.0016631082999999998
alpha,beta,direction,x,y
0.6,1,<-,0.0,0.9998947836
0.6,1,<-,0.05,0.9957206223
0.6,1,<-,0.1,0.9994403195
0.6,1,<-,0.15,1.0
0.6,1,<-,0.2,0.9992246742
0.6,1,<-,0.25,0.999963354
0.6,1,<-,0.3,0.9999919415999999
0.6,1,<-,0.35,0.9993926871
0.6,1,<-,0.4,0.9999999463
0.6,1,<-,0.45,1.0
0.6,1,<-,0.5,0.9999868773999999
0.6,1,<-,0.55,0.998229173
0.6,1,<-,0.6,1.0
0.6,1,<-,0.65,0.08987214660000001
0.6,1,<-,0.7,0.04579134730000001
0.6,1,<-,0.75,0.0539472192
0.6,1,<-,0.8,0.022115740099999996
0.6,1,<-,0.85,0.0028422327000000003
0.6,1,<-,0.9,0.0012298355
0.6,1,<-,0.95,2.90146e-05
alpha,beta,direction,x,y
0.8,0,->,0.0,0.0026360722
0.8,0,->,0.05,3.49e-08
0.8,0,->,0.1,0.0
0.8,0,->,0.2,6e-10
0.8,0,->,0.25,0.0
0.8,0,->,0.3,0.0
0.8,0,->,0.35,0.0122651793
0.8,0,->,0.4,1.06466e-05
0.8,0,->,0.45,0.0
0.8,0,->,0.5,0.0
0.8,0,->,0.55,0.0047752593
0.8,0,->,0.6,3.3e-09
0.8,0,->,0.65,2e-10
0.8,0,->,0.7,0.0
0.8,0,->,0.75,0.0
0.8,0,->,0.8,1.7735e-06
0.8,0,->,0.85,2e-10
0.8,0,->,0.9,1.14e-08
0.8,0,->,0.95,8.101279999999999e-05
alpha,beta,direction,x,y
0.8,0,<-,0.0,9.15e-08
0.8,0,<-,0.05,1.3123900000000002e-05
0.8,0,<-,0.1,0.0001346174
0.8,0,<-,0.15,0.0
0.8,0,<-,0.2,0.0
0.8,0,<-,0.25,0.0
0.8,0,<-,0.3,1.1902e-06
0.8,0,<-,0.35,3.3782e-06
0.8,0,<-,0.4,8.630000000000001e-08
0.8,0,<-,0.45,0.0040231808
0.8,0,<-,0.5,3.73841e-05
0.8,0,<-,0.55,0.0
0.8,0,<-,0.6,0.0020769126
0.8,0,<-,0.65,0.0002567493
0.8,0,<-,0.7,0.0
0.8,0,<-,0.8,0.0007086492
0.8,0,<-,0.85,2.4034299999999998e-05
0.8,0,<-,0.9,0.00042833190000000004
0.8,0,<-,0.95,0.0
alpha,beta,direction,x,y
0.8,0.2,->,0.0,0.0007713011999999999
0.8,0.2,->,0.05,0.0010084408
0.8,0.2,->,0.1,0.004745538400000001
0.8,0.2,->,0.15,0.002796056
0.8,0.2,->,0.2,0.0031899171999999996
0.8,0.2,->,0.25,0.0018002845999999999
0.8,0.2,->,0.3,0.0090817583
0.8,0.2,->,0.35,0.00040222550000000004
0.8,0.2,->,0.4,1.4773900000000001e-05
0.8,0.2,->,0.45,0.0001797934
0.8,0.2,->,0.5,7.19465e-05
0.8,0.2,->,0.55,0.0005147144
0.8,0.2,->,0.6,0.0026285240999999997
0.8,0.2,->,0.65,6.68e-08
0.8,0.2,->,0.7,2.53986e-05
0.8,0.2,->,0.75,7.5475999999999995e-06
0.8,0.2,->,0.8,3.5130000000000003e-07
0.8,0.2,->,0.85,0.0001223817
0.8,0.2,->,0.9,0.0
0.8,0.2,->,0.95,0.0
alpha,beta,direction,x,y
0.8,0.2,<-,0.0,0.0029053728
0.8,0.2,<-,0.05,0.0029028233000000002
0.8,0.2,<-,0.1,0.0013769081
0.8,0.2,<-,0.15,0.0046402266
0.8,0.2,<-,0.2,0.0005446019
0.8,0.2,<-,0.25,0.0020026076
0.8,0.2,<-,0.3,0.0059360973
0.8,0.2,<-,0.35,0.0019066153
0.8,0.2,<-,0.4,0.0001396568
0.8,0.2,<-,0.45,0.0035899369
0.8,0.2,<-,0.5,4.32687e-05
0.8,0.2,<-,0.55,0.0002821819
0.8,0.2,<-,0.6,1.1480000000000001e-07
0.8,0.2,<-,0.65,4.8e-08
0.8,0.2,<-,0.7,5.8200000000000005e-08
0.8,0.2,<-,0.75,0.0001143436
0.8,0.2,<-,0.8,3.27e-08
0.8,0.2,<-,0.85,0.0022128372
0.8,0.2,<-,0.9,5.7231099999999995e-05
0.8,0.2,<-,0.95,0.0
alpha,beta,direction,x,y
0.8,0.4,->,0.0,0.0208361755
0.8,0.4,->,0.05,0.0210666011
0.8,0.4,->,0.1,0.0419093806
0.8,0.4,->,0.15,0.013368878300000001
0.8,0.4,->,0.2,0.014205872
0.8,0.4,->,0.25,0.0330391521
0.8,0.4,->,0.3,0.0051556959999999995
0.8,0.4,->,0.35,0.0241557129
0.8,0.4,->,0.4,0.0041194413
0.8,0.4,->,0.45,0.0051377385999999995
0.8,0.4,->,0.5,0.0101128894
0.8,0.4,->,0.55,0.0002141832
0.8,0.4,->,0.6,7.49515e-05
0.8,0.4,->,0.65,0.0019381401000000001
0.8,0.4,->,0.7,0.0
0.8,0.4,->,0.75,0.0021678125
0.8,0.4,->,0.8,4.4632e-06
0.8,0.4,->,0.85,5.2218999999999996e-05
0.8,0.4,->,0.9,0.0008434489999999999
0.8,0.4,->,0.95,3.333e-07
alpha,beta,direction,x,y
0.8,0.4,<-,0.0,0.0599261624
0.8,0.4,<-,0.05,0.0301658373
0.8,0.4,<-,0.1,0.0354621621
0.8,0.4,<-,0.15,0.0198045427
0.8,0.4,<-,0.2,0.0149305427
0.8,0.4,<-,0.25,0.011872151599999999
0.8,0.4,<-,0.3,0.014422296299999998
0.8,0.4,<-,0.35,0.0104055626
0.8,0.4,<-,0.4,0.012753566200000002
0.8,0.4,<-,0.45,0.0006968891
0.8,0.4,<-,0.5,1.9494999999999997e-06
0.8,0.4,<-,0.55,0.0007790121000000001
0.8,0.4,<-,0.6,0.004666081
0.8,0.4,<-,0.65,0.005351169300000001
0.8,0.4,<-,0.7,0.0030755053999999998
0.8,0.4,<-,0.75,0.0011819498
0.8,0.4,<-,0.8,1.8396000000000001e-06
0.8,0.4,<-,0.85,0.0011794154
0.8,0.4,<-,0.9,1.6106999999999999e-06
0.8,0.4,<-,0.95,3.6499999999999996e-08
alpha,beta,direction,x,y
0.8,0.6,->,0.0,0.9999998984999999
0.8,0.6,->,0.05,0.9999999994
0.8,0.6,->,0.1,0.9999999962
0.8,0.6,->,0.15,1.0
0.8,0.6,->,0.2,0.0634269239
0.8,0.6,->,0.25,0.054758645700000004
0.8,0.6,->,0.3,0.0418976114
0.8,0.6,->,0.35,0.0342236322
0.8,0.6,->,0.4,0.0135189645
0.8,0.6,->,0.45,0.0053286562
0.8,0.6,->,0.5,0.0154697545
0.8,0.6,->,0.55,0.0076865775
0.8,0.6,->,0.6,0.0014784847
0.8,0.6,->,0.65,0.0125547906
0.8,0.6,->,0.7,0.007276099499999999
0.8,0.6,->,0.75,6.34317e-05
0.8,0.6,->,0.8,0.0002251282
0.8,0.6,->,0.85,6.656999999999999e-07
0.8,0.6,->,0.9,7.5260000000000004e-06
0.8,0.6,->,0.95,0.0004571324
alpha,beta,direction,x,y
0.8,0.6,<-,0.0,0.9999998651
0.8,0.6,<-,0.05,0.9999967108
0.8,0.6,<-,0.1,0.12291846699999999
0.8,0.6,<-,0.15,0.1047358643
0.8,0.6,<-,0.2,0.0712028416
0.8,0.6,<-,0.25,0.0534701458
0.8,0.6,<-,0.3,0.0393161174
0.8,0.6,<-,0.35,0.025090707400000002
0.8,0.6,<-,0.4,0.048197216200000004
0.8,0.6,<-,0.45,0.0155561979
0.8,0.6,<-,0.5,0.0217304729
0.8,0.6,<-,0.55,0.020361528
0.8,0.6,<-,0.6,0.0140091112
0.8,0.6,<-,0.65,0.0046676342
0.8,0.6,<-,0.7,1.08768e-05
0.8,0.6,<-,0.75,0.0001112888
0.8,0.6,<-,0.8,4.5049399999999996e-05
0.8,0.6,<-,0.85,0.0005381423
0.8,0.6,<-,0.9,2.21935e-05
0.8,0.6,<-,0.95,4.0488e-06
alpha,beta,direction,x,y
0.8,0.8,->,0.0,1.0
0.8,0.8,->,0.05,1.0
0.8,0.8,->,0.1,1.0
0.8,0.8,->,0.15,1.0
0.8,0.8,->,0.2,1.0
0.8,0.8,->,0.25,1.0
0.8,0.8,->,0.3,1.0
0.8,0.8,->,0.35,0.1170462217
0.8,0.8,->,0.4,0.08043456339999999
0.8,0.8,->,0.45,0.0440853789
0.8,0.8,->,0.5,0.0349288677
0.8,0.8,->,0.55,0.0203605901
0.8,0.8,->,0.6,0.0086208107
0.8,0.8,->,0.65,0.0008088202000000001
0.8,0.8,->,0.7,0.0094322502
0.8,0.8,->,0.75,0.0025063794
0.8,0.8,->,0.8,0.0085868808
0.8,0.8,->,0.85,0.0017276337
0.8,0.8,->,0.9,2.5717600000000003e-05
0.8,0.8,->,0.95,7.268000000000001e-07
alpha,beta,direction,x,y
0.8,0.8,<-,0.0,1.0
0.8,0.8,<-,0.05,1.0
0.8,0.8,<-,0.1,0.9999999999
0.8,0.8,<-,0.15,1.0
0.8,0.8,<-,0.2,1.0
0.8,0.8,<-,0.25,1.0
0.8,0.8,<-,0.3,0.1996720263
0.8,0.8,<-,0.35,0.093760052
0.8,0.8,<-,0.4,0.0631509896
0.8,0.8,<-,0.45,0.0249050134
0.8,0.8,<-,0.5,0.0330473667
0.8,0.8,<-,0.55,0.0362003146
0.8,0.8,<-,0.6,0.021469545899999998
0.8,0.8,<-,0.65,0.0127161882
0.8,0.8,<-,0.7,0.0005649212
0.8,0.8,<-,0.75,1.2017e-06
0.8,0.8,<-,0.8,0.0010676559
0.8,0.8,<-,0.85,6.2826e-06
0.8,0.8,<-,0.9,1.06e-08
0.8,0.8,<-,0.95,9.45435e-05
alpha,beta,direction,x,y
0.8,1,->,0.0,0.9999942857999999
0.8,1,->,0.05,1.0
0.8,1,->,0.1,1.0
0.8,1,->,0.15,1.0
0.8,1,->,0.2,0.9999999501000001
0.8,1,->,0.25,1.0
0.8,1,->,0.3,1.0
0.8,1,->,0.35,0.9999999997
0.8,1,->,0.4,0.9999999998000001
0.8,1,->,0.45,0.1659653858
0.8,1,->,0.5,0.11715482070000001
0.8,1,->,0.55,0.0311866464
0.8,1,->,0.6,0.047595804000000005
0.8,1,->,0.65,0.0262211942
0.8,1,->,0.7,0.009144531
0.8,1,->,0.75,0.0144991809
0.8,1,->,0.8,0.000275991
0.8,1,->,0.85,6.9945e-05
0.8,1,->,0.9,4.65563e-05
0.8,1,->,0.95,1.60961e-05
alpha,beta,direction,x,y
0.8,1,<-,0.0,1.0
0.8,1,<-,0.05,1.0
0.8,1,<-,0.1,0.9964392565000001
0.8,1,<-,0.15,1.0
0.8,1,<-,0.2,1.0
0.8,1,<-,0.25,0.9999999426999999
0.8,1,<-,0.3,0.9999991072
0.8,1,<-,0.35,0.9999997257
0.8,1,<-,0.4,1.0
0.8,1,<-,0.45,0.1343971216
0.8,1,<-,0.5,0.0817486351
0.8,1,<-,0.55,0.0652977394
0.8,1,<-,0.6,0.049154777999999996
0.8,1,<-,0.65,0.0390563462
0.8,1,<-,0.7,0.0038933178999999997
0.8,1,<-,0.75,0.0022717465
0.8,1,<-,0.8,0.0050861866
0.8,1,<-,0.85,3.0739e-06
0.8,1,<-,0.9,0.001180573
0.8,1,<-,0.95,0.00011194110000000001
alpha,beta,direction,x,y
1,0,->,0.0,0.0
1,0,->,0.05,2.9908e-06
1,0,->,0.1,2.2e-09
1,0,->,0.15,3.9e-09
1,0,->,0.2,0.0
1,0,->,0.25,0.0
1,0,->,0.3,0.0
1,0,->,0.35,0.0
1,0,->,0.4,0.0
1,0,->,0.45,0.0
1,0,->,0.5,1.3899999999999999e-08
1,0,->,0.55,0.0
1,0,->,0.6,0.0
1,0,->,0.65,0.0
1,0,->,0.7,0.0
1,0,->,0.75,0.0
1,0,->,0.8,0.0
1,0,->,0.85,0.0
1,0,->,0.9,0.0
1,0,->,0.95,0.0021546282
alpha,beta,direction,x,y
1,0,<-,0.0,0.0
1,0,<-,0.05,0.0
1,0,<-,0.1,0.0
1,0,<-,0.15,7.9e-08
1,0,<-,0.2,0.0
1,0,<-,0.25,0.0
1,0,<-,0.3,0.0
1,0,<-,0.35,2e-10
1,0,<-,0.4,0.0
1,0,<-,0.45,2.3e-09
1,0,<-,0.5,0.0
1,0,<-,0.55,0.0
1,0,<-,0.6,1.91965e-05
1,0,<-,0.65,0.0
1,0,<-,0.7,3.22525e-05
1,0,<-,0.75,6.104500000000001e-06
1,0,<-,0.8,0.0046856753
1,0,<-,0.85,0.0
1,0,<-,0.9,2.0802e-06
1,0,<-,0.95,0.0
alpha,beta,direction,x,y
1,0.2,->,0.0,0.0016082885999999998
1,0.2,->,0.05,5.05e-07
1,0.2,->,0.1,5.9e-09
1,0.2,->,0.15,0.0
1,0.2,->,0.2,6.343e-07
1,0.2,->,0.25,1.7309999999999998e-07
1,0.2,->,0.3,1.4434e-06
1,0.2,->,0.35,0.0
1,0.2,->,0.4,0.0
1,0.2,->,0.45,1.4641999999999999e-06
1,0.2,->,0.5,0.0
1,0.2,->,0.55,3.33497e-05
1,0.2,->,0.6,0.0
1,0.2,->,0.65,7.7e-09
1,0.2,->,0.7,6e-10
1,0.2,->,0.75,4.856000000000001e-07
1,0.2,->,0.8,0.0
1,0.2,->,0.85,0.0
1,0.2,->,0.9,0.0
1,0.2,->,0.95,0.0
alpha,beta,direction,x,y
1,0.2,<-,0.0,3.6556e-06
1,0.2,<-,0.05,0.0
1,0.2,<-,0.1,0.0
1,0.2,<-,0.15,0.0
1,0.2,<-,0.2,1.011e-07
1,0.2,<-,0.25,9.303e-07
1,0.2,<-,0.3,0.0
1,0.2,<-,0.35,1e-10
1,0.2,<-,0.4,1.7197999999999998e-06
1,0.2,<-,0.45,0.010482494
1,0.2,<-,0.5,0.061527299400000006
1,0.2,<-,0.55,0.0
1,0.2,<-,0.6,2.5695399999999998e-05
1,0.2,<-,0.65,0.0
1,0.2,<-,0.7,0.0
1,0.2,<-,0.75,0.0
1,0.2,<-,0.8,0.0
1,0.2,<-,0.85,0.0
1,0.2,<-,0.9,0.0
1,0.2,<-,0.95,6.843500000000001e-06
alpha,beta,direction,x,y
1,0.4,->,0.0,0.027386314300000002
1,0.4,->,0.05,1.839e-07
1,0.4,->,0.1,6.75519e-05
1,0.4,->,0.15,0.0186776
1,0.4,->,0.2,0.005670107099999999
1,0.4,->,0.25,4.58017e-05
1,0.4,->,0.3,3.1e-08
1,0.4,->,0.35,4.45921e-05
1,0.4,->,0.4,9.9476e-06
1,0.4,->,0.45,0.0004675307
1,0.4,->,0.5,0.0
1,0.4,->,0.55,2e-10
1,0.4,->,0.6,1.5e-09
1,0.4,->,0.65,3e-10
1,0.4,->,0.7,0.0
1,0.4,->,0.75,0.0
1,0.4,->,0.8,0.0039905011
1,0.4,->,0.85,2.5e-09
1,0.4,->,0.9,4.54e-08
1,0.4,->,0.95,0.0
alpha,beta,direction,x,y
1,0.4,<-,0.0,0.0244082771
1,0.4,<-,0.05,0.0196164937
1,0.4,<-,0.1,9.01478e-05
1,0.4,<-,0.15,0.0089874624
1,0.4,<-,0.2,5.5323e-06
1,0.4,<-,0.25,0.0013055003
1,0.4,<-,0.3,0.0002657659
1,0.4,<-,0.35,0.0002806637
1,0.4,<-,0.4,1.23e-08
1,0.4,<-,0.45,1.44954e-05
1,0.4,<-,0.5,1e-10
1,0.4,<-,0.55,0.0
1,0.4,<-,0.6,4e-10
1,0.4,<-,0.65,0.0
1,0.4,<-,0.7,0.0
1,0.4,<-,0.75,0.0
1,0.4,<-,0.8,0.0
1,0.4,<-,0.85,0.0
1,0.4,<-,0.9,3.35e-08
1,0.4,<-,0.95,0.0
alpha,beta,direction,x,y
1,0.6,->,0.0,0.09060732619999999
1,0.6,->,0.05,0.056151689500000004
1,0.6,->,0.1,0.041469474
1,0.6,->,0.15,0.0017737715
1,0.6,->,0.2,0.049600143099999994
1,0.6,->,0.25,0.0113106829
1,0.6,->,0.3,0.006185949499999999
1,0.6,->,0.35,0.0042063365
1,0.6,->,0.4,1.78932e-05
1,0.6,->,0.45,6.355399999999999e-06
1,0.6,->,0.5,0.0010746656
1,0.6,->,0.55,0.0022912660999999997
1,0.6,->,0.6,0.0005568357
1,0.6,->,0.65,9.8381e-06
1,0.6,->,0.7,4.64393e-05
1,0.6,->,0.75,0.0
1,0.6,->,0.8,0.0022307356
1,0.6,->,0.85,0.0011320457000000002
1,0.6,->,0.9,0.0
1,0.6,->,0.95,0.0
alpha,beta,direction,x,y
1,0.6,<-,0.0,0.0706618847
1,0.6,<-,0.05,0.0456368149
1,0.6,<-,0.1,0.0663050063
1,0.6,<-,0.15,0.038111801800000004
1,0.6,<-,0.2,0.0518938244
1,0.6,<-,0.25,0.0104115642
1,0.6,<-,0.3,0.0005986489
1,0.6,<-,0.35,0.0001832141
1,0.6,<-,0.4,0.0087010856
1,0.6,<-,0.45,0.0002921971
1,0.6,<-,0.5,6.85086e-05
1,0.6,<-,0.55,8e-10
1,0.6,<-,0.6,0.0046932657
1,0.6,<-,0.65,2.915e-07
1,0.6,<-,0.7,1.9955e-06
1,0.6,<-,0.75,8.731000000000001e-07
1,0.6,<-,0.8,0.0070116859
1,0.6,<-,0.85,0.0
1,0.6,<-,0.9,0.0
1,0.6,<-,0.95,3.9409999999999996e-07
alpha,beta,direction,x,y
1,0.8,->,0.0,0.9999999969
1,0.8,->,0.05,0.9999999869
1,0.8,->,0.1,0.23467524239999998
1,0.8,->,0.15,0.104434581
1,0.8,->,0.2,0.0496625425
1,0.8,->,0.25,0.040664346000000004
1,0.8,->,0.3,0.0326869477
1,0.8,->,0.35,0.0206179407
1,0.8,->,0.4,0.0342792447
1,0.8,->,0.45,0.0227162457
1,0.8,->,0.5,0.0030634339000000003
1,0.8,->,0.55,0.0007612027
1,0.8,->,0.6,8.1082e-06
1,0.8,->,0.65,0.0008207139
1,0.8,->,0.7,1.0346e-06
1,0.8,->,0.75,0.0
1,0.8,->,0.8,7.04199e-05
1,0.8,->,0.85,0.0
1,0.8,->,0.9,4.1659999999999996e-07
1,0.8,->,0.95,0.0
alpha,beta,direction,x,y
1,0.8,<-,0.0,1.0
1,0.8,<-,0.05,0.9999538122
1,0.8,<-,0.1,0.2345310983
1,0.8,<-,0.15,0.09063736369999999
1,0.8,<-,0.2,0.057746926100000005
1,0.8,<-,0.25,0.06241494349999999
1,0.8,<-,0.3,0.0481828208
1,0.8,<-,0.35,0.0504421775
1,0.8,<-,0.4,0.0268882077
1,0.8,<-,0.45,0.0011502353
1,0.8,<-,0.5,0.0013927861999999999
1,0.8,<-,0.55,0.0011923747
1,0.8,<-,0.6,0.0030318611
1,0.8,<-,0.65,0.0006321793
1,0.8,<-,0.7,2e-10
1,0.8,<-,0.75,0.0
1,0.8,<-,0.8,1.7000000000000001e-09
1,0.8,<-,0.85,3e-10
1,0.8,<-,0.9,2e-10
1,0.8,<-,0.95,0.0
alpha,beta,direction,x,y
1,1,->,0.0,1.0
1,1,->,0.05,0.9999999901000001
1,1,->,0.1,1.0
1,1,->,0.15,1.0
1,1,->,0.2,0.9999997145999999
1,1,->,0.25,0.9087203684
1,1,->,0.3,0.1301585241
1,1,->,0.35,0.10193431859999999
1,1,->,0.4,0.0778267344
1,1,->,0.45,0.0357914792
1,1,->,0.5,0.0187502138
1,1,->,0.55,0.0163737316
1,1,->,0.6,0.007772205999999999
1,1,->,0.65,0.0002807205
1,1,->,0.7,0.0012751441
1,1,->,0.75,1.82328e-05
1,1,->,0.8,1.465e-07
1,1,->,0.85,5.0567e-06
1,1,->,0.9,0.0014466421
1,1,->,0.95,0.0
alpha,beta,direction,x,y
1,1,<-,0.0,1.0
1,1,<-,0.05,1.0
1,1,<-,0.1,1.0
1,1,<-,0.15,0.9999999998000001
1,1,<-,0.2,0.9999999849
1,1,<-,0.25,0.42065203799999995
1,1,<-,0.3,0.1489002455
1,1,<-,0.35,0.0696419992
1,1,<-,0.4,0.0384588107
1,1,<-,0.45,0.0365434319
1,1,<-,0.5,0.0329143124
1,1,<-,0.55,0.0245123439
1,1,<-,0.6,0.0002924437
1,1,<-,0.65,0.0046519267
1,1,<-,0.7,0.00017917990000000002
1,1,<-,0.75,4.3153000000000005e-05
1,1,<-,0.8,7.906999999999999e-07
1,1,<-,0.85,1.2281e-06
1,1,<-,0.9,1.5e-09
1,1,<-,0.95,3.88e-08
